<?xml version="1.0" encoding="UTF-8"?>
<project-private xmlns="http://www.netbeans.org/ns/project-private/1">
    <editor-bookmarks xmlns="http://www.netbeans.org/ns/editor-bookmarks/2" lastBookmarkId="0"/>
    <open-files xmlns="http://www.netbeans.org/ns/projectui-open-files/2">
        <group name="proyectoTurnero">
            <file>file:/C:/Users/Usuario/Documents/NetBeansProjects/ProyectoSoftwareTurno/src/principal/Principal.java</file>
            <file>file:/C:/Users/Usuario/Documents/NetBeansProjects/ProyectoSoftwareTurno/src/control/ControlJFIngresoAsesor.java</file>
            <file>file:/C:/Users/Usuario/Documents/NetBeansProjects/ProyectoSoftwareTurno/src/vista/JFPrincipal.java</file>
            <file>file:/C:/Users/Usuario/Documents/NetBeansProjects/ProyectoSoftwareTurno/src/control/ControlJFRegistroHome.java</file>
            <file>file:/C:/Users/Usuario/Documents/NetBeansProjects/ProyectoSoftwareTurno/src/control/ControlAsignacionTurno.java</file>
            <file>file:/C:/Users/Usuario/Documents/NetBeansProjects/ProyectoSoftwareTurno/src/control/ControlJFPrincipal.java</file>
            <file>file:/C:/Users/Usuario/Documents/NetBeansProjects/ProyectoSoftwareTurno/src/control/ControlJFModuloEstadoTurno.java</file>
        </group>
    </open-files>
</project-private>
